epoch;accuracy;loss;val_accuracy;val_loss
0;0.6729255;197455297568.85413;0.6890930533409119;373.1064556939637
